{ "adatok":[
    {
        "cim":"1.kép cime",
        "kep":"../kepek/hh3.jpg",
        "leiras":"1.kép leíársa"
    },
    {
        "cim":"2.kép cime",
        "kep":"../kepek/hh2.jpg",
        "leiras":"2.kép leíársa"
    },
    {
        "cim":"3.kép cime",
        "kep":"../kepek/hh1.jpg",
        "leiras":"3.kép leíársa"
    },
    {
        "cim":"4.kép cime",
        "kep":"../kepek/hh3.jpg",
        "leiras":"4.kép leíársa"
    },
    {
        "cim":"5.kép cime",
        "kep":"../kepek/hh2.jpg",
        "leiras":"5.kép leíársa"
    },
    {
        "cim":"6.kép cime",
        "kep":"../kepek/hh1.jpg",
        "leiras":"6.kép leíársa"
    }
]}